{
    "reprojection_error": 0.19329488893210645,
    "camera_matrix": [
        [
            1328.0162045207355,
            0.0,
            809.1828414287235
        ],
        [
            0.0,
            1326.7395330576528,
            593.115690567964
        ],
        [
            0.0,
            0.0,
            1.0
        ]
    ],
    "distortion_coefficients": [
        [
            0.21890559886430577,
            -0.9617215132874736,
            -0.0035570550262289643,
            0.0037389783377412807,
            1.7345098207869227
        ]
    ],
    "image_width": 1600,
    "image_height": 1204,
    "grid_size": [
        7,
        7
    ],
    "square_size_mm": 25.0,
    "num_calibration_images": 20,
    "successful_detections": 12
}